<pre><font color="#26A269"><b>student@softlab-Veriton-M4665G</b></font>:<font color="#12488B"><b>~</b></font>$ ssh 24mca51@192.168.20.100
^[[A^[[B^C
<font color="#26A269"><b>student@softlab-Veriton-M4665G</b></font>:<font color="#12488B"><b>~</b></font>$ 
<font color="#26A269"><b>student@softlab-Veriton-M4665G</b></font>:<font color="#12488B"><b>~</b></font>$ ssh 24mca51@192.168.20.100
24mca51@192.168.20.100&apos;s password: 
Welcome to Ubuntu 22.04.4 LTS (GNU/Linux 5.15.0-127-generic x86_64)

 * Documentation:  https://help.ubuntu.com
 * Management:     https://landscape.canonical.com
 * Support:        https://ubuntu.com/pro

  System information as of Mon Mar  3 01:17:47 PM IST 2025

  System load:  0.560546875        Temperature:           47.0 C
  Usage of /:   24.1% of 97.87GB   Processes:             750
  Memory usage: 17%                Users logged in:       36
  Swap usage:   0%                 IPv4 address for eno1: 192.168.20.100


Expanded Security Maintenance for Applications is not enabled.

81 updates can be applied immediately.
25 of these updates are standard security updates.
To see these additional updates run: apt list --upgradable

Enable ESM Apps to receive additional future security updates.
See https://ubuntu.com/esm or run: sudo pro status


The list of available updates is more than a week old.
To check for new updates run: sudo apt update
Failed to connect to https://changelogs.ubuntu.com/meta-release-lts. Check your Internet connection or proxy settings


Last login: Tue Feb 25 13:22:20 2025 from 192.168.20.27
<font color="#26A269"><b>24mca51@mcaserver</b></font>:<font color="#12488B"><b>~</b></font>$ mysql -u 24mca51 -p
Enter password: 
Welcome to the MySQL monitor.  Commands end with ; or \g.
Your MySQL connection id is 37
Server version: 8.0.40-0ubuntu0.22.04.1 (Ubuntu)

Copyright (c) 2000, 2024, Oracle and/or its affiliates.

Oracle is a registered trademark of Oracle Corporation and/or its
affiliates. Other names may be trademarks of their respective
owners.

Type &apos;help;&apos; or &apos;\h&apos; for help. Type &apos;\c&apos; to clear the current input statement.

mysql&gt; show databasas
    -&gt; show databases;
ERROR 1064 (42000): You have an error in your SQL syntax; check the manual that corresponds to your MySQL server version for the right syntax to use near &apos;databasas
show databases&apos; at line 1
mysql&gt; show databases;
+--------------------+
| Database           |
+--------------------+
| 24mca51            |
| information_schema |
| performance_schema |
+--------------------+
3 rows in set (0.00 sec)

mysql&gt; use 24mca51;
Reading table information for completion of table and column names
You can turn off this feature to get a quicker startup with -A

Database changed
mysql&gt; show tables;
+-------------------+
| Tables_in_24mca51 |
+-------------------+
| course            |
| department        |
| employee          |
| orders            |
| persons           |
| student           |
+-------------------+
6 rows in set (0.00 sec)

mysql&gt; create table Employee;
ERROR 4028 (HY000): A table must have at least one visible column.
mysql&gt; create table Employee (id varchar(5),deptid int(2),name varchar(15), designation varchar(15),basic decimal(10,2),gender varchar(1));
Query OK, 0 rows affected, 1 warning (0.35 sec)

mysql&gt; insert into employees (id, dept_id, name, designation, basic, gender) values
    -&gt; (101, 1, &apos;ram&apos;, &apos;typist&apos;, 2000, &apos;m&apos;),
    -&gt; (102, 2, &apos;arun&apos;, &apos;analyst&apos;, 6000, &apos;m&apos;),
    -&gt; (121, 1, &apos;ruby&apos;, &apos;typist&apos;, 2010, &apos;f&apos;),
    -&gt; (156, 3, &apos;mary&apos;, &apos;manager&apos;, 4500, &apos;f&apos;),
    -&gt; (123, 2, &apos;mridula&apos;, &apos;analyst&apos;, 6000, &apos;f&apos;),
    -&gt; (114, 4, &apos;menon&apos;, &apos;clerk&apos;, 1500, &apos;m&apos;),
    -&gt; (115, 4, &apos;tim&apos;, &apos;clerk&apos;, 1500, &apos;m&apos;),
    -&gt; (127, 2, &apos;kiran&apos;, &apos;manager&apos;, 4000, &apos;m&apos;);
ERROR 1146 (42S02): Table &apos;24mca51.employees&apos; doesn&apos;t exist
mysql&gt; insert into Employee (id, deptid, name, designation, basic, gender) values (101, 1, &apos;ram&apos;, &apos;typist&apos;, 2000, &apos;m&apos;), (102, 2, &apos;arun&apos;, &apos;analyst&apos;, 6000, &apos;m&apos;), (121, 1, &apos;ruby&apos;, &apos;typist&apos;, 2010, &apos;f&apos;), (156, 3, &apos;mary&apos;, &apos;manager&apos;, 4500, &apos;f&apos;), (123, 2, &apos;mridula&apos;, &apos;analyst&apos;, 6000, &apos;f&apos;), (114, 4, &apos;menon&apos;, &apos;clerk&apos;, 1500, &apos;m&apos;), (115, 4, &apos;tim&apos;, &apos;clerk&apos;, 1500, &apos;m&apos;), (127, 2, &apos;kiran&apos;, &apos;manager&apos;, 4000, &apos;m&apos;);
Query OK, 8 rows affected (0.06 sec)
Records: 8  Duplicates: 0  Warnings: 0

mysql&gt; desc Employee;
+-------------+---------------+------+-----+---------+-------+
| Field       | Type          | Null | Key | Default | Extra |
+-------------+---------------+------+-----+---------+-------+
| id          | varchar(5)    | YES  |     | NULL    |       |
| deptid      | int           | YES  |     | NULL    |       |
| name        | varchar(15)   | YES  |     | NULL    |       |
| designation | varchar(15)   | YES  |     | NULL    |       |
| basic       | decimal(10,2) | YES  |     | NULL    |       |
| gender      | varchar(1)    | YES  |     | NULL    |       |
+-------------+---------------+------+-----+---------+-------+
6 rows in set (0.00 sec)

mysql&gt; select *fromm Employee
    -&gt; ;
ERROR 1064 (42000): You have an error in your SQL syntax; check the manual that corresponds to your MySQL server version for the right syntax to use near &apos;fromm Employee&apos; at line 1
mysql&gt; select *fromm Employee
    -&gt; select *fromm ^Cployee
mysql&gt; select *from Employee
    -&gt; ;
+------+--------+---------+-------------+---------+--------+
| id   | deptid | name    | designation | basic   | gender |
+------+--------+---------+-------------+---------+--------+
| 101  |      1 | ram     | typist      | 2000.00 | m      |
| 102  |      2 | arun    | analyst     | 6000.00 | m      |
| 121  |      1 | ruby    | typist      | 2010.00 | f      |
| 156  |      3 | mary    | manager     | 4500.00 | f      |
| 123  |      2 | mridula | analyst     | 6000.00 | f      |
| 114  |      4 | menon   | clerk       | 1500.00 | m      |
| 115  |      4 | tim     | clerk       | 1500.00 | m      |
| 127  |      2 | kiran   | manager     | 4000.00 | m      |
+------+--------+---------+-------------+---------+--------+
8 rows in set (0.00 sec)

mysql&gt; select designation;from Employee
ERROR 1054 (42S22): Unknown column &apos;designation&apos; in &apos;field list&apos;
    -&gt; select designation from Employee
    -&gt; ;
ERROR 1064 (42000): You have an error in your SQL syntax; check the manual that corresponds to your MySQL server version for the right syntax to use near &apos;from Employee
select designation from Employee&apos; at line 1
mysql&gt; select designation from Employee;
+-------------+
| designation |
+-------------+
| typist      |
| analyst     |
| typist      |
| manager     |
| analyst     |
| clerk       |
| clerk       |
| manager     |
+-------------+
8 rows in set (0.01 sec)

mysql&gt; select designation from Employee unique;
ERROR 1064 (42000): You have an error in your SQL syntax; check the manual that corresponds to your MySQL server version for the right syntax to use near &apos;unique&apos; at line 1
mysql&gt; select designation from Employee UNIQUE;
ERROR 1064 (42000): You have an error in your SQL syntax; check the manual that corresponds to your MySQL server version for the right syntax to use near &apos;UNIQUE&apos; at line 1
mysql&gt; select DISTINCT designation from Employee ;
+-------------+
| designation |
+-------------+
| typist      |
| analyst     |
| manager     |
| clerk       |
+-------------+
4 rows in set (0.00 sec)

mysql&gt; select count (DISTINCT designation) from Employee ;
ERROR 1064 (42000): You have an error in your SQL syntax; check the manual that corresponds to your MySQL server version for the right syntax to use near &apos;DISTINCT designation) from Employee&apos; at line 1
mysql&gt; select count(DISTINCT designation)as no_of_dif_des\ from Employee ;
ERROR: 
Unknown command &apos;\ &apos;.
ERROR 1064 (42000): You have an error in your SQL syntax; check the manual that corresponds to your MySQL server version for the right syntax to use near &apos;\ from Employee&apos; at line 1
mysql&gt; select count(DISTINCT designation)as no_of_dif_des from Employee ;
+---------------+
| no_of_dif_des |
+---------------+
|             4 |
+---------------+
1 row in set (0.00 sec)

mysql&gt; select 
    -&gt;     id, 
    -&gt;     name, 
    -&gt;     designation as desig, 
    -&gt;     dept_id, 
    -&gt;     basic, 
    -&gt;     basic * 0.075 as da, 
    -&gt;     basic * 0.10 as hra, 
    -&gt;     basic + (basic * 0.075) + (basic * 0.10) as net_sal
    -&gt; from employees;
ERROR 1146 (42S02): Table &apos;24mca51.employees&apos; doesn&apos;t exist
mysql&gt; select
    -&gt;     id,
    -&gt;     name,
    -&gt;     designation as desig,
    -&gt;     dept_id,
    -&gt;     basic,
    -&gt;     basic * 0.075 as da,
    -&gt;     basic * 0.10 as hra,
    -&gt;     basic + (basic * 0.075) + (basic * 0.10) as net_sal
    -&gt; from employee;
ERROR 1054 (42S22): Unknown column &apos;id&apos; in &apos;field list&apos;
mysql&gt; select     id,     name,     designation as desig,     deptid,     basic,     basic * 0.075 as da,     basic * 0.10 as hra,     basic + (basic * 0.075) + (basic * 0.10) as net_sal from employee;
ERROR 1054 (42S22): Unknown column &apos;id&apos; in &apos;field list&apos;
mysql&gt; select     id,     name,     designation as desig,     deptid,     basic,     basic * 0.075 as da,     basic * 0.10 as hra,     basic + (basic * 0.075) + (basic * 0.10) as net_sal from employee;
ERROR 1054 (42S22): Unknown column &apos;id&apos; in &apos;field list&apos;
mysql&gt; select id, name, designation as desig, deptid, basic, basic * 0.075 as da, basic * 0.10 as hra, basic + (basic * 0.075) + (basic * 0.10) as net_sal from employee;
ERROR 1054 (42S22): Unknown column &apos;id&apos; in &apos;field list&apos;
mysql&gt; select id, name, designation as desig, deptid, basic, basic * 0.075 as da, basic * 0.10 as hra, basic + (basic * 0.075) + (basic * 0.10) as net_sal from SE    -&gt;     basic,mployee;
ERROR 1064 (42000): You have an error in your SQL syntax; check the manual that corresponds to your MySQL server version for the right syntax to use near &apos;-&gt;     basic,mployee&apos; at line 1
mysql&gt;     -&gt;     basic,
    -&gt; select id, name, designation as desig, deptid, basic, basic * 0.075 as da, basic * 0.10 as hra, basic + (basic * 0.075) + (basic * 0.10) as net_sal from Employee;
ERROR 1064 (42000): You have an error in your SQL syntax; check the manual that corresponds to your MySQL server version for the right syntax to use near &apos;-&gt;     basic,
select id, name, designation as desig, deptid, basic, basic * 0.07&apos; at line 1
mysql&gt; select id, name, designation as desig, deptid, basic, basic * 0.075 as da, basic * 0.10 as hra, basic + (basic * 0.075) + (basic * 0.10) as net_sal from Employee;
+------+---------+---------+--------+---------+-----------+----------+------------+
| id   | name    | desig   | deptid | basic   | da        | hra      | net_sal    |
+------+---------+---------+--------+---------+-----------+----------+------------+
| 101  | ram     | typist  |      1 | 2000.00 | 150.00000 | 200.0000 | 2350.00000 |
| 102  | arun    | analyst |      2 | 6000.00 | 450.00000 | 600.0000 | 7050.00000 |
| 121  | ruby    | typist  |      1 | 2010.00 | 150.75000 | 201.0000 | 2361.75000 |
| 156  | mary    | manager |      3 | 4500.00 | 337.50000 | 450.0000 | 5287.50000 |
| 123  | mridula | analyst |      2 | 6000.00 | 450.00000 | 600.0000 | 7050.00000 |
| 114  | menon   | clerk   |      4 | 1500.00 | 112.50000 | 150.0000 | 1762.50000 |
| 115  | tim     | clerk   |      4 | 1500.00 | 112.50000 | 150.0000 | 1762.50000 |
| 127  | kiran   | manager |      2 | 4000.00 | 300.00000 | 400.0000 | 4700.00000 |
+------+---------+---------+--------+---------+-----------+----------+------------+
8 rows in set (0.00 sec)

mysql&gt; select max(basic) as max_salary_female 
    -&gt; from employees 
    -&gt; where gender = &apos;f&apos;;
ERROR 1146 (42S02): Table &apos;24mca51.employees&apos; doesn&apos;t exist
mysql&gt; select max(basic) as max_salary_female  from Employee  where gender = &apos;f&apos;;
+-------------------+
| max_salary_female |
+-------------------+
|           6000.00 |
+-------------------+
1 row in set (0.00 sec)

mysql&gt; alter table employee 
    -&gt; add column manager_id int;
Query OK, 0 rows affected (0.23 sec)
Records: 0  Duplicates: 0  Warnings: 0

mysql&gt; alter table Employee  add column manager_id int;
Query OK, 0 rows affected (0.17 sec)
Records: 0  Duplicates: 0  Warnings: 0

mysql&gt; -- Set manager_id as NULL for employee with ID 101
mysql&gt; update employee set manager_id = null where id = 101;
ERROR 1054 (42S22): Unknown column &apos;id&apos; in &apos;where clause&apos;
mysql&gt; 
mysql&gt; -- Set manager_id as 101 for employees with IDs 102, 121, and 156
mysql&gt; update employee set manager_id = 101 where id in (102, 121, 156);
ERROR 1054 (42S22): Unknown column &apos;id&apos; in &apos;where clause&apos;
mysql&gt; 
mysql&gt; -- Set manager_id as 102 for employees with IDs 123, 114, and 115
mysql&gt; update employee set manager_id = 102 where id in (123, 114, 115);
ERROR 1054 (42S22): Unknown column &apos;id&apos; in &apos;where clause&apos;
mysql&gt; 
mysql&gt; -- Set manager_id as 121 for employee with ID 127
mysql&gt; update employee set manager_id = 121 where id = 127;
ERROR 1054 (42S22): Unknown column &apos;id&apos; in &apos;where clause&apos;
mysql&gt; update employee set manager_id = null where id = 101;
ERROR 1054 (42S22): Unknown column &apos;id&apos; in &apos;where clause&apos;
mysql&gt; update Employee set manager_id = null where id = 101;
Query OK, 0 rows affected (0.00 sec)
Rows matched: 1  Changed: 0  Warnings: 0

mysql&gt; -- Set manager_id as 101 for Employee with IDs 102, 121, and 156
mysql&gt; update Employee set manager_id = 101 where id in (102, 121, 156);
Query OK, 3 rows affected (0.05 sec)
Rows matched: 3  Changed: 3  Warnings: 0

mysql&gt; update Employee set manager_id = 102 where id in (123, 114, 115);
Query OK, 3 rows affected (0.04 sec)
Rows matched: 3  Changed: 3  Warnings: 0

mysql&gt; update Employee set manager_id = 121 where id = 127;
Query OK, 1 row affected (0.09 sec)
Rows matched: 1  Changed: 1  Warnings: 0

mysql&gt; select *fromm Employee
    -&gt; ;
ERROR 1064 (42000): You have an error in your SQL syntax; check the manual that corresponds to your MySQL server version for the right syntax to use near &apos;fromm Employee&apos; at line 1
mysql&gt; select *from Employee
    -&gt; ;
+------+--------+---------+-------------+---------+--------+------------+
| id   | deptid | name    | designation | basic   | gender | manager_id |
+------+--------+---------+-------------+---------+--------+------------+
| 101  |      1 | ram     | typist      | 2000.00 | m      |       NULL |
| 102  |      2 | arun    | analyst     | 6000.00 | m      |        101 |
| 121  |      1 | ruby    | typist      | 2010.00 | f      |        101 |
| 156  |      3 | mary    | manager     | 4500.00 | f      |        101 |
| 123  |      2 | mridula | analyst     | 6000.00 | f      |        102 |
| 114  |      4 | menon   | clerk       | 1500.00 | m      |        102 |
| 115  |      4 | tim     | clerk       | 1500.00 | m      |        102 |
| 127  |      2 | kiran   | manager     | 4000.00 | m      |        121 |
+------+--------+---------+-------------+---------+--------+------------+
8 rows in set (0.00 sec)

mysql&gt; ^Balter table employee 
    -&gt; add column joining_date date;
ERROR 1064 (42000): You have an error in your SQL syntax; check the manual that corresponds to your MySQL server version for the right syntax to use near &apos;alter table employee 
add column joining_date date&apos; at line 1
mysql&gt; alter table employee  add column joining_date date;
Query OK, 0 rows affected (0.18 sec)
Records: 0  Duplicates: 0  Warnings: 0

mysql&gt; update employee 
    -&gt; set joining_date = case 
    -&gt;     when id = 101 then &apos;2015-06-10&apos;
    -&gt;     when id = 102 then &apos;2018-09-15&apos;
    -&gt;     when id = 121 then &apos;2016-04-20&apos;
    -&gt;     when id = 156 then &apos;2019-11-30&apos;
    -&gt;     when id = 123 then &apos;2017-07-25&apos;
    -&gt;     when id = 114 then &apos;2020-01-10&apos;
    -&gt;     when id = 115 then &apos;2021-03-05&apos;
    -&gt;     when id = 127 then &apos;2014-12-01&apos;
    -&gt; end
    -&gt; where id in (101, 102, 121, 156, 123, 114, 115, 127);
ERROR 1054 (42S22): Unknown column &apos;id&apos; in &apos;where clause&apos;
mysql&gt; update Employee  set joining_date = case      when id = 101 then &apos;2015-06-10&apos;     when id = 102 then &apos;2018-09-15&apos;     when id = 121 then &apos;2016-04-20&apos;     when id = 156 then &apos;2019-11-30&apos;     when
id = 123 then &apos;2017-07-25&apos;     when id = 114 then &apos;2020-01-10&apos;     when id = 115 then &apos;2021-03-05&apos;
  when id = 127 then &apos;2014-12-01&apos; end where id in (101, 102, 121, 156, 123, 114, 115, 127);
ERROR 1054 (42S22): Unknown column &apos;joining_date&apos; in &apos;field list&apos;
mysql&gt; alter table employee 
    -&gt; add column joining_date date;
ERROR 1060 (42S21): Duplicate column name &apos;joining_date&apos;
mysql&gt; alter table Employee  add column joining_date date;
Query OK, 0 rows affected (0.20 sec)
Records: 0  Duplicates: 0  Warnings: 0

mysql&gt; update Employee  set joining_date = case      when id = 101 then &apos;2015-06-10&apos;     when id = 102 then &apos;2018-09-15&apos;     when id = 121 then &apos;2016-04-20&apos;     when id = 156 then &apos;2019-11-30&apos;     when
id = 123 then &apos;2017-07-25&apos;     when id = 114 then &apos;2020-01-10&apos;     when id = 115 then &apos;2021-03-05&apos;
  when id = 127 then &apos;2014-12-01&apos; end where id in (101, 102, 121, 156, 123, 114, 115, 127);
Query OK, 8 rows affected (0.05 sec)
Rows matched: 8  Changed: 8  Warnings: 0

mysql&gt; select *from Employee
    -&gt; ;
+------+--------+---------+-------------+---------+--------+------------+--------------+
| id   | deptid | name    | designation | basic   | gender | manager_id | joining_date |
+------+--------+---------+-------------+---------+--------+------------+--------------+
| 101  |      1 | ram     | typist      | 2000.00 | m      |       NULL | 2015-06-10   |
| 102  |      2 | arun    | analyst     | 6000.00 | m      |        101 | 2018-09-15   |
| 121  |      1 | ruby    | typist      | 2010.00 | f      |        101 | 2016-04-20   |
| 156  |      3 | mary    | manager     | 4500.00 | f      |        101 | 2019-11-30   |
| 123  |      2 | mridula | analyst     | 6000.00 | f      |        102 | 2017-07-25   |
| 114  |      4 | menon   | clerk       | 1500.00 | m      |        102 | 2020-01-10   |
| 115  |      4 | tim     | clerk       | 1500.00 | m      |        102 | 2021-03-05   |
| 127  |      2 | kiran   | manager     | 4000.00 | m      |        121 | 2014-12-01   |
+------+--------+---------+-------------+---------+--------+------------+--------------+
8 rows in set (0.00 sec)

mysql&gt; select * from employee 
    -&gt; order by joining_date asc;
+-------------+--------------+------------+-------------------------------------+------------+---------+--------+------------------+------------+--------------+
| employeenum | employeename | dob        | address                             | mobilenum  | deptnum | salary | designation      | manager_id | joining_date |
+-------------+--------------+------------+-------------------------------------+------------+---------+--------+------------------+------------+--------------+
|           1 | vaishnav     | 2001-11-24 | kannampallimekkathil                | 9074162649 |       1 |  45000 | manager          |       NULL | NULL         |
|           2 | vishnu       | 2001-10-11 | vellachaluvila puthenveedu          | 9023493049 |       2 |   2000 | asstprofessor    |       NULL | NULL         |
|           3 | john         | 2001-10-12 | asuvbliu                            | 9093745934 |       3 |   1000 | asstprofessor    |       NULL | NULL         |
|           4 | jishnu       | 2001-10-13 | iauseyr vgyal                       | 9023493045 |       4 |   4000 | asstprofessor    |       NULL | NULL         |
|           5 | joel         | 2001-10-14 | ueyrtgibvylie                       | 9023493043 |       5 |   5000 | asstprofessor    |       NULL | NULL         |
|           6 | sidharth     | 2001-10-15 | ioawatvuo                           | 9023493042 |       6 |   6000 | asstprofessor    |       NULL | NULL         |
|           8 | aravind      | 2001-10-17 | vellachaluvila puthtresvyenveedu    | 9023493053 |       8 |   8000 | asstprofessor    |       NULL | NULL         |
|           9 | aneesh       | 2001-10-18 | vellachaluvila puthenveeduwaevawt   | 9023493065 |       9 |   9000 | computerassitant |       NULL | NULL         |
|          10 | rony         | 2001-10-19 | vellachaluvila putaswvtawethenveedu | 9023493086 |      10 | 150000 | asstprofessor    |       NULL | NULL         |
+-------------+--------------+------------+-------------------------------------+------------+---------+--------+------------------+------------+--------------+
9 rows in set (0.00 sec)

mysql&gt; select * from Employee  order by joining_date asc;
+------+--------+---------+-------------+---------+--------+------------+--------------+
| id   | deptid | name    | designation | basic   | gender | manager_id | joining_date |
+------+--------+---------+-------------+---------+--------+------------+--------------+
| 127  |      2 | kiran   | manager     | 4000.00 | m      |        121 | 2014-12-01   |
| 101  |      1 | ram     | typist      | 2000.00 | m      |       NULL | 2015-06-10   |
| 121  |      1 | ruby    | typist      | 2010.00 | f      |        101 | 2016-04-20   |
| 123  |      2 | mridula | analyst     | 6000.00 | f      |        102 | 2017-07-25   |
| 102  |      2 | arun    | analyst     | 6000.00 | m      |        101 | 2018-09-15   |
| 156  |      3 | mary    | manager     | 4500.00 | f      |        101 | 2019-11-30   |
| 114  |      4 | menon   | clerk       | 1500.00 | m      |        102 | 2020-01-10   |
| 115  |      4 | tim     | clerk       | 1500.00 | m      |        102 | 2021-03-05   |
+------+--------+---------+-------------+---------+--------+------------+--------------+
8 rows in set (0.00 sec)

mysql&gt; create table department (
    -&gt;     dept_id int primary key,
    -&gt;     dname varchar(50) not null
    -&gt; );
ERROR 1050 (42S01): Table &apos;department&apos; already exists
mysql&gt; create table Department (     dept_id int primary key,     dname varchar(50) not null );
Query OK, 0 rows affected (0.26 sec)

mysql&gt; alter table employee 
    -&gt; add constraint fk_dept 
    -&gt; foreign key (dept_id) 
    -&gt; references department(dept_id);
ERROR 1072 (42000): Key column &apos;dept_id&apos; doesn&apos;t exist in table
mysql&gt; alter table Employee  add constraint fk_dept  foreign key (deptid)  references department(deptid);
ERROR 3734 (HY000): Failed to add the foreign key constraint. Missing column &apos;deptid&apos; for constraint &apos;fk_dept&apos; in the referenced table &apos;department&apos;
mysql&gt; alter table employee  add constraint fk_dept  foreign key (deptid)  references department(deptid);
ERROR 1072 (42000): Key column &apos;deptid&apos; doesn&apos;t exist in table
mysql&gt; select * from employee;
+-------------+--------------+------------+-------------------------------------+------------+---------+--------+------------------+------------+--------------+
| employeenum | employeename | dob        | address                             | mobilenum  | deptnum | salary | designation      | manager_id | joining_date |
+-------------+--------------+------------+-------------------------------------+------------+---------+--------+------------------+------------+--------------+
|           1 | vaishnav     | 2001-11-24 | kannampallimekkathil                | 9074162649 |       1 |  45000 | manager          |       NULL | NULL         |
|           2 | vishnu       | 2001-10-11 | vellachaluvila puthenveedu          | 9023493049 |       2 |   2000 | asstprofessor    |       NULL | NULL         |
|           3 | john         | 2001-10-12 | asuvbliu                            | 9093745934 |       3 |   1000 | asstprofessor    |       NULL | NULL         |
|           4 | jishnu       | 2001-10-13 | iauseyr vgyal                       | 9023493045 |       4 |   4000 | asstprofessor    |       NULL | NULL         |
|           5 | joel         | 2001-10-14 | ueyrtgibvylie                       | 9023493043 |       5 |   5000 | asstprofessor    |       NULL | NULL         |
|           6 | sidharth     | 2001-10-15 | ioawatvuo                           | 9023493042 |       6 |   6000 | asstprofessor    |       NULL | NULL         |
|           8 | aravind      | 2001-10-17 | vellachaluvila puthtresvyenveedu    | 9023493053 |       8 |   8000 | asstprofessor    |       NULL | NULL         |
|           9 | aneesh       | 2001-10-18 | vellachaluvila puthenveeduwaevawt   | 9023493065 |       9 |   9000 | computerassitant |       NULL | NULL         |
|          10 | rony         | 2001-10-19 | vellachaluvila putaswvtawethenveedu | 9023493086 |      10 | 150000 | asstprofessor    |       NULL | NULL         |
+-------------+--------------+------------+-------------------------------------+------------+---------+--------+------------------+------------+--------------+
9 rows in set (0.00 sec)

mysql&gt; select * from Employee;
+------+--------+---------+-------------+---------+--------+------------+--------------+
| id   | deptid | name    | designation | basic   | gender | manager_id | joining_date |
+------+--------+---------+-------------+---------+--------+------------+--------------+
| 101  |      1 | ram     | typist      | 2000.00 | m      |       NULL | 2015-06-10   |
| 102  |      2 | arun    | analyst     | 6000.00 | m      |        101 | 2018-09-15   |
| 121  |      1 | ruby    | typist      | 2010.00 | f      |        101 | 2016-04-20   |
| 156  |      3 | mary    | manager     | 4500.00 | f      |        101 | 2019-11-30   |
| 123  |      2 | mridula | analyst     | 6000.00 | f      |        102 | 2017-07-25   |
| 114  |      4 | menon   | clerk       | 1500.00 | m      |        102 | 2020-01-10   |
| 115  |      4 | tim     | clerk       | 1500.00 | m      |        102 | 2021-03-05   |
| 127  |      2 | kiran   | manager     | 4000.00 | m      |        121 | 2014-12-01   |
+------+--------+---------+-------------+---------+--------+------------+--------------+
8 rows ^C
mysql&gt; alter table employee  add constraint fk_dept  foreign key (deptid)  references department(deptid);
ERROR 1072 (42000): Key column &apos;deptid&apos; doesn&apos;t exist in table
mysql&gt; alter table Department change dept_id to deptid
    -&gt; ;
ERROR 1064 (42000): You have an error in your SQL syntax; check the manual that corresponds to your MySQL server version for the right syntax to use near &apos;to deptid&apos; at line 1
mysql&gt; alter table department 
    -&gt; rename column dept_id to deptid;
ERROR 1054 (42S22): Unknown column &apos;dept_id&apos; in &apos;department&apos;
mysql&gt; alter table Department  rename column dept_id to deptid;
Query OK, 0 rows affected (0.15 sec)
Records: 0  Duplicates: 0  Warnings: 0

mysql&gt; alter table employee 
    -&gt; add constraint fk_dept 
    -&gt; foreign key (dept_id) 
    -&gt; references department(dept_id);
ERROR 1072 (42000): Key column &apos;dept_id&apos; doesn&apos;t exist in table
mysql&gt; alter table Employee  add constraint fk_dept  foreign key (deptid)  references department(deptid);
ERROR 3734 (HY000): Failed to add the foreign key constraint. Missing column &apos;deptid&apos; for constraint &apos;fk_dept&apos; in the referenced table &apos;department&apos;
mysql&gt; select * from employee;
+-------------+--------------+------------+-------------------------------------+------------+---------+--------+------------------+------------+--------------+
| employeenum | employeename | dob        | address                             | mobilenum  | deptnum | salary | designation      | manager_id | joining_date |
+-------------+--------------+------------+-------------------------------------+------------+---------+--------+------------------+------------+--------------+
|           1 | vaishnav     | 2001-11-24 | kannampallimekkathil                | 9074162649 |       1 |  45000 | manager          |       NULL | NULL         |
|           2 | vishnu       | 2001-10-11 | vellachaluvila puthenveedu          | 9023493049 |       2 |   2000 | asstprofessor    |       NULL | NULL         |
|           3 | john         | 2001-10-12 | asuvbliu                            | 9093745934 |       3 |   1000 | asstprofessor    |       NULL | NULL         |
|           4 | jishnu       | 2001-10-13 | iauseyr vgyal                       | 9023493045 |       4 |   4000 | asstprofessor    |       NULL | NULL         |
|           5 | joel         | 2001-10-14 | ueyrtgibvylie                       | 9023493043 |       5 |   5000 | asstprofessor    |       NULL | NULL         |
|           6 | sidharth     | 2001-10-15 | ioawatvuo                           | 9023493042 |       6 |   6000 | asstprofessor    |       NULL | NULL         |
|           8 | aravind      | 2001-10-17 | vellachaluvila puthtresvyenveedu    | 9023493053 |       8 |   8000 | asstprofessor    |       NULL | NULL         |
|           9 | aneesh       | 2001-10-18 | vellachaluvila puthenveeduwaevawt   | 9023493065 |       9 |   9000 | computerassitant |       NULL | NULL         |
|          10 | rony         | 2001-10-19 | vellachaluvila putaswvtawethenveedu | 9023493086 |      10 | 150000 | asstprofessor    |       NULL | NULL         |
+-------------+--------------+------------+-------------------------------------+------------+---------+--------+------------------+------------+--------------+
9 rows in set (0.00 sec)

mysql&gt; select * from Employee;
+------+--------+---------+-------------+---------+--------+------------+--------------+
| id   | deptid | name    | designation | basic   | gender | manager_id | joining_date |
+------+--------+---------+-------------+---------+--------+------------+--------------+
| 101  |      1 | ram     | typist      | 2000.00 | m      |       NULL | 2015-06-10   |
| 102  |      2 | arun    | analyst     | 6000.00 | m      |        101 | 2018-09-15   |
| 121  |      1 | ruby    | typist      | 2010.00 | f      |        101 | 2016-04-20   |
| 156  |      3 | mary    | manager     | 4500.00 | f      |        101 | 2019-11-30   |
| 123  |      2 | mridula | analyst     | 6000.00 | f      |        102 | 2017-07-25   |
| 114  |      4 | menon   | clerk       | 1500.00 | m      |        102 | 2020-01-10   |
| 115  |      4 | tim     | clerk       | 1500.00 | m      |        102 | 2021-03-05   |
| 127  |      2 | kiran   | manager     | 4000.00 | m      |        121 | 2014-12-01   |
+------+--------+---------+-------------+---------+--------+------------+--------------+
8 rows in set (0.00 sec)

mysql&gt; select * from Department;
Empty set (0.00 sec)

mysql&gt; desc Department
    -&gt; ;
+--------+-------------+------+-----+---------+-------+
| Field  | Type        | Null | Key | Default | Extra |
+--------+-------------+------+-----+---------+-------+
| deptid | int         | NO   | PRI | NULL    |       |
| dname  | varchar(50) | NO   |     | NULL    |       |
+--------+-------------+------+-----+---------+-------+
2 rows in set (0.01 sec)

mysql&gt; alter table Employee  add constraint fk_Department  foreign key (deptid)  references department(deptid);
ERROR 3734 (HY000): Failed to add the foreign key constraint. Missing column &apos;deptid&apos; for constraint &apos;fk_Department&apos; in the referenced table &apos;department&apos;
mysql&gt; alter table Employee  add constraint fk_dname  foreign key (deptid)  references department(deptid);
ERROR 3734 (HY000): Failed to add the foreign key constraint. Missing column &apos;deptid&apos; for constraint &apos;fk_dname&apos; in the referenced table &apos;department&apos;
mysql&gt; alter table Employee  add constraint fk_dept  foreign key (deptid)  references Department(deptid);
ERROR 1452 (23000): Cannot add or update a child row: a foreign key constraint fails (`24mca51`.`#sql-53e_25`, CONSTRAINT `fk_dept` FOREIGN KEY (`deptid`) REFERENCES `Department` (`deptid`))
mysql&gt; alter table Employee  add constraint fk_dept^Cforeign key (deptid)  references Department(deptmysql&gt; alter table Employee  add constraint fk_dept  foreign key (deptid)  references Department(deptid);^C
mysql&gt; insert into department (deptid, dname) values 
    -&gt; (1, &apos;DESIGN&apos;),
    -&gt; (2, &apos;CODING&apos;),
    -&gt; (3, &apos;TESTING&apos;),
    -&gt; (4, &apos;RESEARCH&apos;);
ERROR 1054 (42S22): Unknown column &apos;deptid&apos; in &apos;field list&apos;
mysql&gt; insert into Department (deptid, dname) values  (1, &apos;DESIGN&apos;), (2, &apos;CODING&apos;), (3, &apos;TESTING&apos;), (4, &apos;RESEARCH&apos;);
Query OK, 4 rows affected (0.06 sec)
Records: 4  Duplicates: 0  Warnings: 0

mysql&gt; alter table Employee  add constraint fk_dept  foreign key (deptid)  references Department(deptid);
Query OK, 8 rows affected (0.78 sec)
Records: 8  Duplicates: 0  Warnings: 0

mysql&gt; desc department;
+----------+--------------+------+-----+---------+-------+
| Field    | Type         | Null | Key | Default | Extra |
+----------+--------------+------+-----+---------+-------+
| deptnum  | int          | NO   | PRI | NULL    |       |
| deptname | varchar(250) | YES  |     | NULL    |       |
+----------+--------------+------+-----+---------+-------+
2 rows in set (0.01 sec)

mysql&gt; ;
ERROR: 
No query specified

mysql&gt; desc Employee;
+--------------+---------------+------+-----+---------+-------+
| Field        | Type          | Null | Key | Default | Extra |
+--------------+---------------+------+-----+---------+-------+
| id           | varchar(5)    | YES  |     | NULL    |       |
| deptid       | int           | YES  | MUL | NULL    |       |
| name         | varchar(15)   | YES  |     | NULL    |       |
| designation  | varchar(15)   | YES  |     | NULL    |       |
| basic        | decimal(10,2) | YES  |     | NULL    |       |
| gender       | varchar(1)    | YES  |     | NULL    |       |
| manager_id   | int           | YES  |     | NULL    |       |
| joining_date | date          | YES  |     | NULL    |       |
+--------------+---------------+------+-----+---------+-------+
8 rows in set (0.00 sec)

mysql&gt; select * from Department;
+--------+----------+
| deptid | dname    |
+--------+----------+
|      1 | DESIGN   |
|      2 | CODING   |
|      3 | TESTING  |
|      4 | RESEARCH |
+--------+----------+
4 rows in set (0.00 sec)

mysql&gt; select * from Employee;
+------+--------+---------+-------------+---------+--------+------------+--------------+
| id   | deptid | name    | designation | basic   | gender | manager_id | joining_date |
+------+--------+---------+-------------+---------+--------+------------+--------------+
| 101  |      1 | ram     | typist      | 2000.00 | m      |       NULL | 2015-06-10   |
| 102  |      2 | arun    | analyst     | 6000.00 | m      |        101 | 2018-09-15   |
| 121  |      1 | ruby    | typist      | 2010.00 | f      |        101 | 2016-04-20   |
| 156  |      3 | mary    | manager     | 4500.00 | f      |        101 | 2019-11-30   |
| 123  |      2 | mridula | analyst     | 6000.00 | f      |        102 | 2017-07-25   |
| 114  |      4 | menon   | clerk       | 1500.00 | m      |        102 | 2020-01-10   |
| 115  |      4 | tim     | clerk       | 1500.00 | m      |        102 | 2021-03-05   |
| 127  |      2 | kiran   | manager     | 4000.00 | m      |        121 | 2014-12-01   |
+------+--------+---------+-------------+---------+--------+------------+--------------+
8 rows in set (0.00 sec)

mysql&gt; select employee.name, department.dname 
    -&gt; from employee 
    -&gt; join department on employee.deptid = department.deptid;
ERROR 1054 (42S22): Unknown column &apos;employee.name&apos; in &apos;field list&apos;
mysql&gt; select e.name as emp_name, d.dname as dept_name  from Employee e  inner join department d epdtid = department.deptid;
[1]+  Stopped                 mysql -u 24mca51 -p
<font color="#26A269"><b>24mca51@mcaserver</b></font>:<font color="#12488B"><b>~</b></font>$ mysql -u 24mca51 -p
Enter password: 
Welcome to the MySQL monitor.  Commands end with ; or \g.
Your MySQL connection id is 55
Server version: 8.0.40-0ubuntu0.22.04.1 (Ubuntu)

Copyright (c) 2000, 2024, Oracle and/or its affiliates.

Oracle is a registered trademark of Oracle Corporation and/or its
affiliates. Other names may be trademarks of their respective
owners.

Type &apos;help;&apos; or &apos;\h&apos; for help. Type &apos;\c&apos; to clear the current input statement.

mysql&gt; select employee.name, department.dname 
    -&gt; from employee 
    -&gt; join department on employee.deptid = department.deptid;
ERROR 1046 (3D000): No database selected
mysql&gt; select e.name, d.dname  from Employee e inner join Department d on e.deptid = d.deptid;
ERROR 1046 (3D000): No database selected
mysql&gt; use 24mca51;
Reading table information for completion of table and column names
You can turn off this feature to get a quicker startup with -A

Database changed
mysql&gt; select e.name, d.dname  from Employee e inner join Department d on e.deptid = d.deptid;
+---------+----------+
| name    | dname    |
+---------+----------+
| ram     | DESIGN   |
| ruby    | DESIGN   |
| arun    | CODING   |
| mridula | CODING   |
| kiran   | CODING   |
| mary    | TESTING  |
| menon   | RESEARCH |
| tim     | RESEARCH |
+---------+----------+
8 rows in set (0.00 sec)

mysql&gt; ^C
mysql&gt; select department.dname 
    -&gt; from employee 
    -&gt; join department on employee.deptid = department.deptid
    -&gt; where employee.name = &apos;Arun&apos;;
ERROR 1054 (42S22): Unknown column &apos;department.dname&apos; in &apos;field list&apos;
mysql&gt; select d.dname  from Employee  inner join Department d on Employee.deptid = d.deptid where Employee.name = &apos;Arun&apos;;
+--------+
| dname  |
+--------+
| CODING |
+--------+
1 row in set (0.00 sec)

mysql&gt; select department.dname 
    -&gt; from employee 
    -&gt; join department on employee.deptid = department.deptid
    -&gt; where employee.name = &apos;Arun&apos;;
ERROR 1054 (42S22): Unknown column &apos;department.dname&apos; in &apos;field list&apos;
mysql&gt; select e.basic from Employee e inner join Department d on d.deptid = e.deptid where dname =&apos;DESIGN
    &apos;&gt; &apos;
    -&gt; ;
Empty set (0.00 sec)

mysql&gt; select e.basic from Employee e inner join Department d on d.deptid = e.deptid where dname =&apos;DESIGN&apos;;
+---------+
| basic   |
+---------+
| 2000.00 |
| 2010.00 |
+---------+
2 rows in set (0.00 sec)

mysql&gt; select e.basic e.name from Employee e inner join Department d on d.deptid = e.deptid where dna
me =&apos;DESIGN&apos;;
ERROR 1064 (42000): You have an error in your SQL syntax; check the manual that corresponds to your MySQL server version for the right syntax to use near &apos;.name from Employee e inner join Department d on d.deptid = e.deptid where dname&apos; at line 1
mysql&gt; select e.basic,e.name from Employee e inner join Department d on d.deptid = e.deptid where dname =&apos;DESIGN&apos;;
+---------+------+
| basic   | name |
+---------+------+
| 2000.00 | ram  |
| 2010.00 | ruby |
+---------+------+
2 rows in set (0.01 sec)

mysql&gt; select * from Employee e inner join Department d on d.deptid = e.deptid where dname =&apos;TYPIST&apos;; 
Empty set (0.00 sec)

mysql&gt; select * from Employee e inner join Department d on d.deptid = e.deptid where dname =&apos;DESIGN&apos;
and designation =&apos;typist&apos;;
+------+--------+------+-------------+---------+--------+------------+--------------+--------+--------+
| id   | deptid | name | designation | basic   | gender | manager_id | joining_date | deptid | dname  |
+------+--------+------+-------------+---------+--------+------------+--------------+--------+--------+
| 101  |      1 | ram  | typist      | 2000.00 | m      |       NULL | 2015-06-10   |      1 | DESIGN |
| 121  |      1 | ruby | typist      | 2010.00 | f      |        101 | 2016-04-20   |      1 | DESIGN |
+------+--------+------+-------------+---------+--------+------------+--------------+--------+--------+
2 rows in set (0.00 sec)

mysql&gt; select e* from Employee e inner join Department d on d.deptid = e.deptid where dname =&apos;DESIGN&apos; and designation =&apos;typist&apos;;
ERROR 1064 (42000): You have an error in your SQL syntax; check the manual that corresponds to your MySQL server version for the right syntax to use near &apos;from Employee e inner join Department d on d.deptid = e.deptid where dname =&apos;DES&apos; at line 1
mysql&gt; select e.* from Employee e inner join Department d on d.deptid = e.deptid where dname =&apos;DESIGN&apos; and designation =&apos;typist&apos;;
+------+--------+------+-------------+---------+--------+------------+--------------+
| id   | deptid | name | designation | basic   | gender | manager_id | joining_date |
+------+--------+------+-------------+---------+--------+------------+--------------+
| 101  |      1 | ram  | typist      | 2000.00 | m      |       NULL | 2015-06-10   |
| 121  |      1 | ruby | typist      | 2010.00 | f      |        101 | 2016-04-20   |
+------+--------+------+-------------+---------+--------+------------+--------------+
2 rows in set (0.00 sec)

mysql&gt; select e.basic,e.name from Employee e inner join Department d on d.deptid = e.deptid where dname =&apos;RESEARCH&apos;;
+---------+-------+
| basic   | name  |
+---------+-------+
| 1500.00 | menon |
| 1500.00 | tim   |
+---------+-------+
2 rows in set (0.00 sec)

mysql&gt; select e.name from Employee e inner join Department d on d.deptid = e.deptid where dname =&apos;TESTING&apos; and gender =&apos;f&quot;;
    &apos;&gt; ;
    &apos;&gt; ;^C
mysql&gt; select e.name from Employee e inner join Department d on d.deptid = e.deptid where dname =&apos;TESTING&apos; and gender =&apos;f&apos;;
+------+
| name |
+------+
| mary |
+------+
1 row in set (0.00 sec)

mysql&gt; select e.* from Employee e inner join Department d on d.deptid = e.deptid where dname !=&apos;CODING&apos; or&apos;TESTING&apos;;
+------+--------+-------+-------------+---------+--------+------------+--------------+
| id   | deptid | name  | designation | basic   | gender | manager_id | joining_date |
+------+--------+-------+-------------+---------+--------+------------+--------------+
| 101  |      1 | ram   | typist      | 2000.00 | m      |       NULL | 2015-06-10   |
| 121  |      1 | ruby  | typist      | 2010.00 | f      |        101 | 2016-04-20   |
| 156  |      3 | mary  | manager     | 4500.00 | f      |        101 | 2019-11-30   |
| 114  |      4 | menon | clerk       | 1500.00 | m      |        102 | 2020-01-10   |
| 115  |      4 | tim   | clerk       | 1500.00 | m      |        102 | 2021-03-05   |
+------+--------+-------+-------------+---------+--------+------------+--------------+
5 rows in set, 1 warning (0.00 sec)

mysql&gt; select d.dname from Employee e inner join Department d on d.deptid = e.deptid where max(e.basic);
ERROR 1111 (HY000): Invalid use of group function
mysql&gt; select d.dname from Employee e inner join Department d on d.deptid = e.deptid where e.basic is max;
ERROR 1064 (42000): You have an error in your SQL syntax; check the manual that corresponds to your MySQL server version for the right syntax to use near &apos;max&apos; at line 1
mysql&gt; select d.dname from Employee e inner join Department d on d.deptid = e.deptid where e.basic =(select max(basic) from Employee);
+--------+
| dname  |
+--------+
| CODING |
| CODING |
+--------+
2 rows in set (0.00 sec)

mysql&gt; select d.dname from Employee e inner join Department d on d.deptid = e.deptid where e.basic =(select count min(basic) from Employee);^C
mysql&gt; select department.dname 
    -&gt; from department 
    -&gt; join employee on department.deptid = employee.deptid 
    -&gt; group by department.dname 
    -&gt; having count(employee.id) = (
    -&gt;     select min(emp_count) 
    -&gt;     from (select deptid, count(id) as emp_count from employee group by deptid) as dept_counts
    -&gt; );
ERROR 1054 (42S22): Unknown column &apos;department.dname&apos; in &apos;field list&apos;
mysql&gt; select d.dname  from Department d join Employee e on d.deptid = e.deptid  group by d.dname  having count(e.id) = (select min(emp_count) from (select deptid, count(id) as emp_count from Employee group by deptid) as dept_counts );
+---------+
| dname   |
+---------+
| TESTING |
+---------+
1 row in set (0.00 sec)

mysql&gt; select max(salary) as second_max_salary 
    -&gt; from employee 
    -&gt; where salary &lt; (select max(salary) from employee);
+-------------------+
| second_max_salary |
+-------------------+
|             45000 |
+-------------------+
1 row in set (0.00 sec)

mysql&gt; select max(salary) as second_max_salary  from Employee  where salary &lt; (select max(salary) from Employee);
ERROR 1054 (42S22): Unknown column &apos;salary&apos; in &apos;field list&apos;
mysql&gt; select max(basic) as second_max_salary  from Employee  where basic &lt; (select max(basic) from Employee);
+-------------------+
| second_max_salary |
+-------------------+
|           4500.00 |
+-------------------+
1 row in set (0.00 sec)

mysql&gt; select min(basic) as second_min_salary  from Employee  where basic &lt; (select min(basic) from Employee);
+-------------------+
| second_min_salary |
+-------------------+
|              NULL |
+-------------------+
1 row in set (0.01 sec)

mysql&gt; select *from Employee;
+------+--------+---------+-------------+---------+--------+------------+--------------+
| id   | deptid | name    | designation | basic   | gender | manager_id | joining_date |
+------+--------+---------+-------------+---------+--------+------------+--------------+
| 101  |      1 | ram     | typist      | 2000.00 | m      |       NULL | 2015-06-10   |
| 102  |      2 | arun    | analyst     | 6000.00 | m      |        101 | 2018-09-15   |
| 121  |      1 | ruby    | typist      | 2010.00 | f      |        101 | 2016-04-20   |
| 156  |      3 | mary    | manager     | 4500.00 | f      |        101 | 2019-11-30   |
| 123  |      2 | mridula | analyst     | 6000.00 | f      |        102 | 2017-07-25   |
| 114  |      4 | menon   | clerk       | 1500.00 | m      |        102 | 2020-01-10   |
| 115  |      4 | tim     | clerk       | 1500.00 | m      |        102 | 2021-03-05   |
| 127  |      2 | kiran   | manager     | 4000.00 | m      |        121 | 2014-12-01   |
+------+--------+---------+-------------+---------+--------+------------+--------------+
8 rows in set (0.00 sec)

mysql&gt; select min(basic) as second_min_salary  from Employee  where basic &lt; (select min(basic) from Employee);
+-------------------+
| second_min_salary |
+-------------------+
|              NULL |
+-------------------+
1 row in set (0.00 sec)

mysql&gt; select min(basic) as second_min_salary  from Employee  where basic &gt; (select min(basic) from Employee);
+-------------------+
| second_min_salary |
+-------------------+
|           2000.00 |
+-------------------+
1 row in set (0.00 sec)

mysql&gt; select min(basic) as second_min_salary  from Employee  where basic &gt; (select min(basic) from Employee);
+-------------------+
| second_min_salary |
+-------------------+
|           2000.00 |
+-------------------+
1 row in set (0.00 sec)

mysql&gt; 

</pre>
